{
  "0": {
    "precision": 0.42045454545454547,
    "recall": 0.23870967741935484,
    "f1-score": 0.3045267489711934,
    "support": 155.0
  },
  "1": {
    "precision": 0.5845272206303725,
    "recall": 0.7472527472527473,
    "f1-score": 0.6559485530546624,
    "support": 273.0
  },
  "2": {
    "precision": 0.5333333333333333,
    "recall": 0.49122807017543857,
    "f1-score": 0.5114155251141552,
    "support": 114.0
  },
  "accuracy": 0.5479704797047971,
  "macro avg": {
    "precision": 0.5127716998060837,
    "recall": 0.4923968316158469,
    "f1-score": 0.490630275713337,
    "support": 542.0
  },
  "weighted avg": {
    "precision": 0.5268383501430743,
    "recall": 0.5479704797047971,
    "f1-score": 0.5250497618772537,
    "support": 542.0
  }
}