{
  "total_training_time_seconds": 193.24405479431152,
  "avg_epoch_time_seconds": 4.831101369857788,
  "total_training_time_hours": 0.05367890410953098
}