{
  "tokenizer_type": "bielik",
  "vocab_size": 31980,
  "n_params": 41539584,
  "config": {
    "block_size": 512,
    "batch_size": 16,
    "max_iters": 3000,
    "learning_rate": 0.001,
    "weight_decay": 0.1
  },
  "losses": [
    10.427684783935547,
    8.507912915162366,
    7.74331841468811,
    7.13234254360199,
    6.605012230873108,
    6.1127096366882325,
    5.7942729711532595,
    5.5703575134277346,
    5.350704183578491,
    5.192315449714661,
    5.09556405544281,
    4.977350130081176,
    4.8757234382629395,
    4.816722631454468,
    4.74119987487793,
    4.648837776184082,
    4.60674400806427,
    4.616140375137329,
    4.509219207763672,
    4.500274457931519,
    4.420149421691894,
    4.400442080497742,
    4.387946314811707,
    4.354456877708435,
    4.341213293075562,
    4.293357627391815,
    4.276084942817688,
    4.2555154919624325,
    4.231380097866058,
    4.197590434551239,
    4.186015331745148
  ],
  "steps": [
    1,
    100,
    200,
    300,
    400,
    500,
    600,
    700,
    800,
    900,
    1000,
    1100,
    1200,
    1300,
    1400,
    1500,
    1600,
    1700,
    1800,
    1900,
    2000,
    2100,
    2200,
    2300,
    2400,
    2500,
    2600,
    2700,
    2800,
    2900,
    3000
  ],
  "total_training_time_seconds": 564.4762229919434,
  "tokens_per_second": 43537.70628236146
}