{
  "tokenizer_type": "whitespace",
  "vocab_size": 31980,
  "n_params": 41539584,
  "config": {
    "block_size": 512,
    "batch_size": 16,
    "max_iters": 3000,
    "learning_rate": 0.001,
    "weight_decay": 0.1
  },
  "losses": [
    10.438246726989746,
    7.123728207867555,
    6.403891773223877,
    6.08783079624176,
    5.795126943588257,
    5.498920974731445,
    5.262155561447144,
    5.072608623504639,
    4.899708280563354,
    4.763688054084778,
    4.67342052936554,
    4.608039860725403,
    4.496388545036316,
    4.4101309490203855,
    4.3823606300354,
    4.295046172142029,
    4.237904477119446,
    4.187889428138733,
    4.151491038799286,
    4.125955414772034,
    4.092400920391083,
    4.070481438636779,
    4.0047750306129455,
    4.008934462070465,
    3.95943603515625,
    3.9359887409210206,
    3.9208270120620727,
    3.8903442859649657,
    3.879587092399597,
    3.863449578285217,
    3.8405564260482787
  ],
  "steps": [
    1,
    100,
    200,
    300,
    400,
    500,
    600,
    700,
    800,
    900,
    1000,
    1100,
    1200,
    1300,
    1400,
    1500,
    1600,
    1700,
    1800,
    1900,
    2000,
    2100,
    2200,
    2300,
    2400,
    2500,
    2600,
    2700,
    2800,
    2900,
    3000
  ],
  "total_training_time_seconds": 549.2866570949554,
  "tokens_per_second": 44741.66572692031
}