{
  "tokenizer_type": "sentencepiece",
  "vocab_size": 31980,
  "n_params": 41539584,
  "config": {
    "block_size": 512,
    "batch_size": 16,
    "max_iters": 3000,
    "learning_rate": 0.001,
    "weight_decay": 0.1
  },
  "losses": [
    10.419232368469238,
    8.069675864595355,
    7.286434555053711,
    6.759266571998596,
    6.405709624290466,
    6.085583233833313,
    5.819734654426575,
    5.62163200378418,
    5.4254186248779295,
    5.239543676376343,
    5.110804152488709,
    5.0320639371871945,
    4.947017893791199,
    4.870252513885498,
    4.7846142768859865,
    4.683775215148926,
    4.6620920515060424,
    4.604336557388305,
    4.523507981300354,
    4.503761863708496,
    4.441773943901062,
    4.411280455589295,
    4.4109295463562015,
    4.372172341346741,
    4.310258350372314,
    4.313416061401367,
    4.259118695259094,
    4.2558591628074645,
    4.234747512340546,
    4.183905708789825,
    4.201469833850861
  ],
  "steps": [
    1,
    100,
    200,
    300,
    400,
    500,
    600,
    700,
    800,
    900,
    1000,
    1100,
    1200,
    1300,
    1400,
    1500,
    1600,
    1700,
    1800,
    1900,
    2000,
    2100,
    2200,
    2300,
    2400,
    2500,
    2600,
    2700,
    2800,
    2900,
    3000
  ],
  "total_training_time_seconds": 549.5192716121674,
  "tokens_per_second": 44722.72633478254
}