{
  "0": {
    "precision": 0.0,
    "recall": 0.0,
    "f1-score": 0.0,
    "support": 155.0
  },
  "1": {
    "precision": 0.503690036900369,
    "recall": 1.0,
    "f1-score": 0.6699386503067485,
    "support": 273.0
  },
  "2": {
    "precision": 0.0,
    "recall": 0.0,
    "f1-score": 0.0,
    "support": 114.0
  },
  "accuracy": 0.503690036900369,
  "macro avg": {
    "precision": 0.16789667896678964,
    "recall": 0.3333333333333333,
    "f1-score": 0.22331288343558284,
    "support": 542.0
  },
  "weighted avg": {
    "precision": 0.25370365327269506,
    "recall": 0.503690036900369,
    "f1-score": 0.33744142349398953,
    "support": 542.0
  }
}