{
  "total_training_time_seconds": 2189.7288539409637,
  "avg_epoch_time_seconds": 109.48644269704819,
  "total_training_time_hours": 0.608258014983601
}